"1327177543091445760","RT @svpino: Something that may sound odd at first:

We created a Machine Learning model that predicts whether a prediction from another Machine Learning model is correct.

The combination of these models dramatically reduces mistakes when compared with the first model alone. https://t.co/SL4C57pb3v"
"1327177396261412865","RT @hadelin2p: Let's read about Google details and how it’s using AI and Machine Learning to improve search: https://t.co/6VtR4QwRWV

#ArtificialIntelligence #MachineLearning #innovation #DataScience #technology #trends #entrepreneurship #business #industry #Google"
"1327177382256644101","RT @hadelin2p: Let's read about Google details and how it’s using AI and Machine Learning to improve search: https://t.co/6VtR4QwRWV

#ArtificialIntelligence #MachineLearning #innovation #DataScience #technology #trends #entrepreneurship #business #industry #Google"
"1327177375751176192","RT @AWS_Edu: Learn how @CapitalOne created an interest in #MachineLearning among employees’ children through launching the first-ever virtual AWS DeepRacer League for kids. https://t.co/8S2x9Tg1oq https://t.co/0z3hneScCJ"
"1327177360425226242","Let's read about Google details and how it’s using AI and Machine Learning to improve search: https://t.co/6VtR4QwRWV

#ArtificialIntelligence #MachineLearning #innovation #DataScience #technology #trends #entrepreneurship #business #industry #Google"
"1327177208146911232","RT @jmhernandez233: PhD positions in Advanced Machine Learning at Cambridge
Application deadline: noon December 3, 2020.
Details about the application process can be found here:
https://t.co/2SwKfm9V8k"
"1327177155684384768","RT @gp_pulipaka: How to Learn Math for Machine Learning. #BigData #Analytics #DataScience #IoT #IIoT #Python #RStats #TensorFlow #Java #JavaScript #ReactJS #CloudComputing #Serverless #DataScientist #Linux #Books #Mathematics #Statistics #Programming #Coding #100DaysofCode
https://t.co/hzV7npN9J6 https://t.co/g06H0zFeAF"
"1327177109236805633","RT @tweetycami: New AI Machine Learning Gains a Toehold on Synthetic Biology

.@Harvard .@wyssinstitute and .@MIT’s #AI for #RNA-based tools tested on the #SARS_CoV_2 #coronavirus

Read article: https://t.co/dhvp0WacwY 

#innovation .@PsychToday #syntheticbiology #DeepLearning #MachineLearning https://t.co/XC6jzL7UDE"
"1327177106523115520","RT @tweetycami: New AI Machine Learning Gains a Toehold on Synthetic Biology

.@Harvard .@wyssinstitute and .@MIT’s #AI for #RNA-based tools tested on the #SARS_CoV_2 #coronavirus

Read article: https://t.co/dhvp0WacwY 

#innovation .@PsychToday #syntheticbiology #DeepLearning #MachineLearning https://t.co/XC6jzL7UDE"
"1327177084737753088","RT @tweetycami: New AI Machine Learning Gains a Toehold on Synthetic Biology

.@Harvard .@wyssinstitute and .@MIT’s #AI for #RNA-based tools tested on the #SARS_CoV_2 #coronavirus

Read article: https://t.co/dhvp0WacwY 

#innovation .@PsychToday #syntheticbiology #DeepLearning #MachineLearning https://t.co/XC6jzL7UDE"
"1327177067633537024","RT @pjs_228: {mlr3spatiotempcv} is now on CRAN. 

It adds spatiotemporal resampling methods to the #mlr3 machine learning framework in #rstats.

See the documentation at https://t.co/eArUgaXMXO and the mlr3book chapter (https://t.co/SPTjsUkqJj) for details. https://t.co/FMTBjnDaNi"
"1327177003552784386","RT @TDataScience: LOL Match Prediction Using Early Laning Phase Data | Machine Learning by @JJinhang https://t.co/VJOHrUrYE9"
"1327176982141014016","RT @KiaNazarpour: Join us!

@jescrod and I have a vacant PhD post at @EdinburghUni

#MachineLearning
#prosthetics 

https://t.co/9lVzaeCKRi"
"1327176960330620930","Join us!

@jescrod and I have a vacant PhD post at @EdinburghUni

#MachineLearning
#prosthetics 

https://t.co/9lVzaeCKRi"
"1327176959437234183","RT @NicholasSofocl1: 6 Questions Asked By Machine Learning Enthusiasts https://t.co/MH0csWFoYh"
"1327176945839255552","RT @nigewillson: My SmartPhone does similar, but this is cool ! This DIY AI machine learning camera knows what it's looking and tells you... audibly  https://t.co/ioDcLYRu25 #ai #ArtificialIntelligence #MachineLearning #deeplearning #raspberrypi #photography https://t.co/mIL3qZWSev"
"1327176921533345792","RT @nigewillson: My SmartPhone does similar, but this is cool ! This DIY AI machine learning camera knows what it's looking and tells you... audibly  https://t.co/ioDcLYRu25 #ai #ArtificialIntelligence #MachineLearning #deeplearning #raspberrypi #photography https://t.co/mIL3qZWSev"
"1327176899647434753","RT @nigewillson: My SmartPhone does similar, but this is cool ! This DIY AI machine learning camera knows what it's looking and tells you... audibly  https://t.co/ioDcLYRu25 #ai #ArtificialIntelligence #MachineLearning #deeplearning #raspberrypi #photography https://t.co/mIL3qZWSev"
"1327176885516836864","RT @hire_pay: Machine Learning work from home job/internship at EnR Consultancy Services https://t.co/eVGCdzrXLD"
"1327176868785741824","RT @Dexlabanalytics: In this blog we are taking a look at the intuition behind the groundbreaking technology, #MachineLearning and discuss how it works.
Check out the blog at: https://t.co/YwLCQcg5O9

You can also check out the video at: https://t.co/guU9hnQk9g

#datascience #onlineclasses #analytics https://t.co/TCdu8dhlOP"
"1327176863681302528","Machine Learning work from home job/internship at EnR Consultancy Services https://t.co/eVGCdzrXLD"
"1327176859210178560","RT @boazbaraktcs: Via Michal Moshkovitz (@ML_Theorist) - The Women In Machine Learning Theory group (WiML-T) is organizing a mentoring program, https://t.co/s1GU4WG3By 

Please consider signing up to be either mentor or mentee!"
"1327176846371287040","In this blog we are taking a look at the intuition behind the groundbreaking technology, #MachineLearning and discuss how it works.
Check out the blog at: https://t.co/YwLCQcg5O9

You can also check out the video at: https://t.co/guU9hnQk9g

#datascience #onlineclasses #analytics https://t.co/TCdu8dhlOP"
"1327176766801186816","RT @99coupon1: MASTER #STATISTICS &amp; MACHINE LEARNING: INTUITION, MATH, CODE

=&gt; https://t.co/nlypoM19kZ

#DataAnalysis #ArtificialIntelligence #TensorFlow #R #DataScience #Python #MachineLearning #DeepLearning #NeuralNetworks #womenintech #javascript30 #100DaysOfCode #udemy #free #udemycoupon"
"1327176749059350529","RT @IainLJBrown: Bio-boffins devise potentially fast COVID-19 virus test kit out of a silicon wafer and machine-learning code

Read more here: https://t.co/RV3XvQnlXj

#DataScience #MachineLearning #ArtificialIntelligence #NLP #AI #IoT #BigData"
"1327176725176860673","RT @IainLJBrown: Bio-boffins devise potentially fast COVID-19 virus test kit out of a silicon wafer and machine-learning code

Read more here: https://t.co/RV3XvQnlXj

#DataScience #MachineLearning #ArtificialIntelligence #NLP #AI #IoT #BigData"
"1327176717279047681","RT @IainLJBrown: Bio-boffins devise potentially fast COVID-19 virus test kit out of a silicon wafer and machine-learning code

Read more here: https://t.co/RV3XvQnlXj

#DataScience #MachineLearning #ArtificialIntelligence #NLP #AI #IoT #BigData"
"1327176695342903296","Bio-boffins devise potentially fast COVID-19 virus test kit out of a silicon wafer and machine-learning code

Read more here: https://t.co/RV3XvQnlXj

#DataScience #MachineLearning #ArtificialIntelligence #NLP #AI #IoT #BigData"
"1327176677487751169","RT @ipfconline1: Top 20  Datasets for #MachineLearning and Statistics Projects | Infographic

https://t.co/hSK6LnJrpD via @DataScienceL
#AI #DataScience #BigData
Cc @MarshaCollier @jblefevre60 @antgrasso @JonathanAufray  @Ym78200 @kalydeoo @LouisSerge @chboursin @KirkDBorne @schmarzo https://t.co/56aJhzerE0"
"1327176669057200128","RT @DD_NaNa_: How Traditional Companies Can Utilize AI And Machine Learning To Build Better Products https://t.co/t93T7mXv8e"
"1327176647234052096","How Traditional Companies Can Utilize AI And Machine Learning To Build Better Products https://t.co/t93T7mXv8e"
"1327176584915275777","RT @seenafazel: New paper! Prediction of self harm and suicide using machine learning approaches in people under mental health services. Large pop sample (126K people, &gt;0.5M patient episodes), good performance in terms of discrimination and calibration. @PLOSMedicine https://t.co/NhFrrCtTzs 1/ https://t.co/o6zckkjzCX"
"1327176561901101056","New paper! Prediction of self harm and suicide using machine learning approaches in people under mental health services. Large pop sample (126K people, &gt;0.5M patient episodes), good performance in terms of discrimination and calibration. @PLOSMedicine https://t.co/NhFrrCtTzs 1/ https://t.co/o6zckkjzCX"
"1327176506750230529","RT @NellisterC: TOP 5 USES OF MACHINE LEARNING IN MANUFACTURING #Learning #machinelearning via https://t.co/ypYmUnY8pA https://t.co/WWJrNneTSY"
"1327176421350002690","RT @Datascience__: Machine Learning for Beginners 2019: The Ultimate Guide to Artificial Intelligence, Neural Networks, Predictive Modelling, and Python: Including Data Mining Algorithms and Its Applications for Finance, Business and Marketing https://t.co/DeE46qdJij #datascience #ad"
"1327176405281615872","RT @jellyfishglobal: Begin your journey towards Google Cloud's new Professional Machine Learning Engineer certification during a prep session on 11/19. Get expert exam tips, sample questions, a special training discount, and more. Sign up now: https://t.co/yIo9q1Eqqa #GoogleCloudCertified https://t.co/EfSIssmMlm"
"1327176381990629383","Begin your journey towards Google Cloud's new Professional Machine Learning Engineer certification during a prep session on 11/19. Get expert exam tips, sample questions, a special training discount, and more. Sign up now: https://t.co/yIo9q1Eqqa #GoogleCloudCertified https://t.co/EfSIssmMlm"
"1327176328760668160","RT @improvedhouse: Machine Learning Process (MLops) [R] https://t.co/VVRZTRcFXH"
"1327176272175378432","RT @Datascience__: Machine Learning for Beginners 2019: The Ultimate Guide to Artificial Intelligence, Neural Networks, Predictive Modelling, and Python: Including Data Mining Algorithms and Its Applications for Finance, Business and Marketing https://t.co/DeE46qdJij #datascience #ad"
"1327176240386641920","@RealTomPetrini Either there's a human there that gets flashbacks of Ghost or the machine learning algo bonked your pottery wheel as a breast. 🤣"
"1327176218999975936","RT @julienlam_: Happy to promote our work on ""Measuring transferability issues in machine-learning force fields"" in collaboration with M. Benoit and J. Amodeo and published in @MLSTjournal. This 1st step makes me look forward to start working at @CEMES_CNRS.
➡️https://t.co/hIayNYOiiU https://t.co/nmUqjaPJjZ"
"1327176196409470976","Happy to promote our work on ""Measuring transferability issues in machine-learning force fields"" in collaboration with M. Benoit and J. Amodeo and published in @MLSTjournal. This 1st step makes me look forward to start working at @CEMES_CNRS.
➡️https://t.co/hIayNYOiiU https://t.co/nmUqjaPJjZ"
"1327176154655154176","RT @milocamj: KeyBank Battles Push-Payment Fraud With Machine Learning, Other Tactics - https://t.co/CnTKzQOa4V https://t.co/h7ZbWNZqDz #machinelearning #ai #technology"
"1327176142722396160","RT @gp_pulipaka: How to Learn Math for Machine Learning. #BigData #Analytics #DataScience #IoT #IIoT #Python #RStats #TensorFlow #Java #JavaScript #ReactJS #CloudComputing #Serverless #DataScientist #Linux #Books #Mathematics #Statistics #Programming #Coding #100DaysofCode
https://t.co/hzV7npN9J6 https://t.co/g06H0zFeAF"
"1327176132723052546","KeyBank Battles Push-Payment Fraud With Machine Learning, Other Tactics - https://t.co/CnTKzQOa4V https://t.co/h7ZbWNZqDz #machinelearning #ai #technology"
"1327176054256046080","RT @zaferdemirkol: 63 Machine Learning Algorithms — Introduction https://t.co/PJ3mP6Bk9A by @thestartup_ #machinelearning"
"1327176032382750720","63 Machine Learning Algorithms — Introduction https://t.co/PJ3mP6Bk9A by @thestartup_ #machinelearning"
"1327175997058322435","RT @machinelearnflx: Building Machine Learning Web Apps with Python https://t.co/Dw6jFxMV51  #machinelearning #ad"
"1327175975239618560","Building Machine Learning Web Apps with Python https://t.co/Dw6jFxMV51  #machinelearning #ad"
"1327175958038765568","RT @jmhernandez233: PhD positions in Advanced Machine Learning at Cambridge
Application deadline: noon December 3, 2020.
Details about the application process can be found here:
https://t.co/2SwKfm9V8k"