"1327193513570787330","['#MachineLearning', '#DeepLearning']"
"1327193489256288256","['#MachineLearning', '#DeepLearning']"
"1327193429797965825","[]"
"1327193391839502337","['#Google', '#PhD', '#contentSafety']"
"1327193369861349376","['#Google', '#PhD', '#contentSafety']"
"1327193349846048768","['#PyTorch']"
"1327193307521355777","['#developer', '#womenintech', '#WomenWhoCode', '#WomenInSTEM', '#coders', '#softwaredeveloper', '#MachineLearning', '#datascience', '#dataanalytics']"
"1327193133512355842","[]"
"1327193111517405184","[]"
"1327192919456014336","[]"
"1327192896890691585","[]"
"1327192756318400512","['#analytics', '#automation', '#serviceassurance', '#analytics', '#machinelearning', '#automation', '#AI']"
"1327192706775359488","[]"
"1327192628841111553","['#MachineLearning', '#ArtificialIntelligence', '#100DaysOfCode', '#100DaysOfMLCode']"
"1327192607651454976","['#MachineLearning', '#ArtificialIntelligence', '#100DaysOfCode', '#100DaysOfMLCode']"
"1327192607538221057","['#MachineLearning', '#ArtificialIntelligence', '#100DaysOfCode', '#100DaysOfMLCode']"
"1327192582972182528","['#MachineLearning', '#ArtificialIntelligence', '#100DaysOfCode', '#100DaysOfMLCode']"
"1327192580099108865","['#MachineLearning', '#ArtificialIntelligence', '#100DaysOfCode', '#100DaysOfMLCode']"
"1327192558120873984","['#MachineLearning', '#ArtificialIntelligence', '#100DaysOfCode', '#100DaysOfMLCode']"
"1327192539145719808","[]"
"1327192528764940289","['#FEATURED', '#COURSES', '#Machine', '#Learning', '#Python', '#R', '#Data', '#Science', '#CodeNewbies', '#100DaysOfCode', '#developer', '#webdevelopment', '#WomenWhoCode']"
"1327192473966407680","['#FEATURED', '#COURSES', '#Machine', '#Learning', '#Python', '#R', '#Data', '#Science', '#CodeNewbies', '#100DaysOfCode', '#developer', '#webdevelopment', '#WomenWhoCode']"
"1327192473949642753","['#FEATURED', '#COURSES', '#Machine', '#Learning', '#Python', '#R', '#Data', '#Science', '#CodeNewbies', '#100DaysOfCode', '#developer', '#webdevelopment', '#WomenWhoCode']"
"1327192452067889152","['#FEATURED', '#COURSES', '#Machine', '#Learning', '#Python', '#R', '#Data', '#Science', '#CodeNewbies', '#100DaysOfCode', '#developer', '#webdevelopment', '#WomenWhoCode']"
"1327192347118088192","['#MachineLearning', '#Python', '#BigData', '#Analytics', '#DataScience', '#AI', '#IoT', '#IIoT', '#RStats', '#TensorFlow', '#Java', '#JavaScript', '#ReactJS', '#GoLang', '#CloudComputing', '#Serverless', '#DataScientist', '#Linux', '#Programming', '#Coding', '#100DaysofCode']"
"1327192345201283073","['#MachineLearning', '#Python', '#BigData', '#Analytics', '#DataScience', '#AI', '#IoT', '#IIoT', '#RStats', '#TensorFlow', '#Java', '#JavaScript', '#ReactJS', '#GoLang', '#CloudComputing', '#Serverless', '#DataScientist', '#Linux', '#Programming', '#Coding', '#100DaysofCode']"
"1327192339664809985","['#MachineLearning', '#Python', '#BigData', '#Analytics', '#DataScience', '#AI', '#IoT', '#IIoT', '#RStats', '#TensorFlow', '#Java', '#JavaScript', '#ReactJS', '#GoLang', '#CloudComputing', '#Serverless', '#DataScientist', '#Linux', '#Programming', '#Coding', '#100DaysofCode']"
"1327192325160914944","['#MachineLearning', '#Python', '#BigData', '#Analytics', '#DataScience', '#AI', '#IoT', '#IIoT', '#RStats', '#TensorFlow', '#Java', '#JavaScript', '#ReactJS', '#GoLang', '#CloudComputing', '#Serverless', '#DataScientist', '#Linux', '#Programming', '#Coding', '#100DaysofCode']"
"1327192324833730562","[]"
"1327192278721568769","['#developer', '#womenintech', '#WomenWhoCode', '#WomenInSTEM', '#coders', '#softwaredeveloper', '#MachineLearning', '#datascience', '#dataanalytics']"
"1327192278675451910","['#developer', '#womenintech', '#WomenWhoCode', '#WomenInSTEM', '#coders', '#softwaredeveloper', '#MachineLearning', '#datascience', '#dataanalytics']"
"1327192266134466563","['#data', '#technology']"
"1327192256592404480","['#ai', '#ml', '#dl']"
"1327192256298684416","['#developer', '#womenintech', '#WomenWhoCode', '#WomenInSTEM', '#coders', '#softwaredeveloper', '#MachineLearning', '#datascience', '#dataanalytics']"
"1327192244139462656","['#data', '#technology']"
"1327191997023662080","['#BigData', '#Analytics', '#DataScience', '#AI', '#MachineLearning', '#IoT', '#IIoT', '#Python', '#RStats', '#TensorFlow', '#Java', '#JavaScript', '#ReactJS', '#CloudComputing', '#Serverless', '#DataScientist', '#Linux', '#Programming', '#Coding', '#100DaysofCode']"
"1327191941113528320","['#primeclasses', '#datascience', '#Python', '#machinelearning', '#artificialintelligence', '#deepneuralnetwork', '#computervision', '#Chatbot', '#imageprocessing', '#deeplearning', '#github', '#TensorFlow', '#Rprogramming', '#Coding', '#dataanalysis', '#DataScientists', '#datavisualization']"
"1327191840202903552","[]"
"1327191818094714880","[]"
"1327191770984304642","['#Research', '#Internship', '#MachineLearning']"
"1327191748888514560","['#Research', '#Internship', '#MachineLearning']"
"1327191730546946051","['#MachineLearning']"
"1327191682702565376","['#primeclasses', '#datascience', '#Python', '#machinelearning', '#artificialintelligence', '#deepneuralnetwork', '#computervision', '#Chatbot', '#imageprocessing', '#deeplearning', '#github', '#TensorFlow', '#Rprogramming', '#Coding', '#software', '#dataanalysis', '#computerscience']"
"1327191652746858496","['#BigData', '#Analytics', '#DataScience', '#AI', '#ArtificialIntelligence', '#MachineLearning', '#Python', '#RStats', '#CloudComputing', '#DataScientist', '#Linux', '#Statistics', '#Programming', '#Coding', '#100DaysofCode']"
"1327191483737403392","['#Udemy', '#ApacheSpark', '#100DaysOfCode', '#DataScience', '#Python', '#ArtificialIntelligence', '#DataAnalysis', '#R', '#MachineLearning', '#javascript30', '#womenintech', '#webdeveloper', '#PHP']"
"1327191481136910336","['#Udemy', '#ApacheSpark', '#100DaysOfCode', '#DataScience', '#Python', '#ArtificialIntelligence', '#DataAnalysis', '#R', '#MachineLearning', '#javascript30', '#womenintech', '#webdeveloper', '#PHP']"